year,site_code,site_name,pollutant_number,pollutant_name,average_aqi
1972,21,Frayser Ozone Monitor,42101,Carbon monoxide,26.322580645161292
1972,21,Frayser Ozone Monitor,42602,Nitrogen dioxide (NO2),30.482758620689655
1972,21,Frayser Ozone Monitor,44201,Ozone,16.552083333333332
1973,21,Frayser Ozone Monitor,42101,Carbon monoxide,35.275862068965516
1973,21,Frayser Ozone Monitor,42602,Nitrogen dioxide (NO2),23.161290322580644
1973,21,Frayser Ozone Monitor,44201,Ozone,30.747607655502392
1973,24,Alabama Ave. Station,42101,Carbon monoxide,53.9025974025974
1973,24,Alabama Ave. Station,44201,Ozone,16.30666666666667
1974,21,Frayser Ozone Monitor,42101,Carbon monoxide,29.92797783933518
1974,21,Frayser Ozone Monitor,44201,Ozone,32.169741697416974
1974,24,Alabama Ave. Station,42101,Carbon monoxide,48.81481481481482
1974,24,Alabama Ave. Station,44201,Ozone,25.59046052631579
1975,21,Frayser Ozone Monitor,42101,Carbon monoxide,31.42808219178082
1975,21,Frayser Ozone Monitor,44201,Ozone,42.01313320825516
1975,24,Alabama Ave. Station,42101,Carbon monoxide,39.42618384401114
1975,24,Alabama Ave. Station,44201,Ozone,31.55944055944056
1976,21,Frayser Ozone Monitor,42101,Carbon monoxide,31.75366568914956
1976,21,Frayser Ozone Monitor,44201,Ozone,47.92354740061162
1976,24,Alabama Ave. Station,42101,Carbon monoxide,41.99686520376176
1976,24,Alabama Ave. Station,44201,Ozone,29.273923444976077
1977,21,Frayser Ozone Monitor,42101,Carbon monoxide,25.674698795180724
1977,21,Frayser Ozone Monitor,44201,Ozone,53.75615212527964
1977,24,Alabama Ave. Station,42101,Carbon monoxide,34.9413680781759
1977,24,Alabama Ave. Station,44201,Ozone,27.1294964028777
1978,21,Frayser Ozone Monitor,44201,Ozone,69.56470588235294
1978,24,Alabama Ave. Station,42101,Carbon monoxide,38.596923076923076
1979,21,Frayser Ozone Monitor,42101,Carbon monoxide,27.692307692307693
1979,21,Frayser Ozone Monitor,42602,Nitrogen dioxide (NO2),41.64666666666667
1979,21,Frayser Ozone Monitor,44201,Ozone,40.50101214574899
1979,24,Alabama Ave. Station,42101,Carbon monoxide,37.24406779661017
1980,21,Frayser Ozone Monitor,42101,Carbon monoxide,25.647727272727273
1980,21,Frayser Ozone Monitor,44201,Ozone,42.9774011299435
1980,24,Alabama Ave. Station,42101,Carbon monoxide,38.79202279202279
1980,1004,Edmund Orgill Park Ozone,44201,Ozone,59.14622641509434
1981,21,Frayser Ozone Monitor,42101,Carbon monoxide,24.732193732193732
1981,21,Frayser Ozone Monitor,44201,Ozone,31.293762575452718
1981,24,Alabama Ave. Station,42101,Carbon monoxide,29.969529085872576
1981,1004,Edmund Orgill Park Ozone,44201,Ozone,52.265306122448976
1982,21,Frayser Ozone Monitor,42101,Carbon monoxide,24.310055865921786
1982,21,Frayser Ozone Monitor,44201,Ozone,31.296951819075712
1982,24,Alabama Ave. Station,42101,Carbon monoxide,31.662889518413596
1982,1004,Edmund Orgill Park Ozone,44201,Ozone,44.277268093781856
1983,21,Frayser Ozone Monitor,42101,Carbon monoxide,27.388429752066116
1983,21,Frayser Ozone Monitor,44201,Ozone,45.29424778761062
1983,24,Alabama Ave. Station,42101,Carbon monoxide,31.570605187319885
1983,1004,Edmund Orgill Park Ozone,44201,Ozone,58.48
1984,21,Frayser Ozone Monitor,42101,Carbon monoxide,41.99173553719008
1984,21,Frayser Ozone Monitor,42602,Nitrogen dioxide (NO2),35.96348314606742
1984,21,Frayser Ozone Monitor,44201,Ozone,38.42900763358779
1984,24,Alabama Ave. Station,42101,Carbon monoxide,34.55619596541787
1984,1004,Edmund Orgill Park Ozone,44201,Ozone,55.19260400616333
1985,21,Frayser Ozone Monitor,42101,Carbon monoxide,29.677777777777777
1985,21,Frayser Ozone Monitor,44201,Ozone,47.246511627906976
1985,24,Alabama Ave. Station,42101,Carbon monoxide,29.512534818941504
1985,24,Alabama Ave. Station,42602,Nitrogen dioxide (NO2),35.033426183844014
1985,1004,Edmund Orgill Park Ozone,44201,Ozone,59.632558139534886
1986,16,Gas Service Center collocated PM 10s,81102,PM10 Total 0-10um STP,35.0
1986,21,Frayser Ozone Monitor,42101,Carbon monoxide,28.065753424657533
1986,21,Frayser Ozone Monitor,44201,Ozone,53.95163806552262
1986,24,Alabama Ave. Station,42101,Carbon monoxide,34.466850828729285
1986,24,Alabama Ave. Station,42602,Nitrogen dioxide (NO2),43.46666666666667
1986,1004,Edmund Orgill Park Ozone,44201,Ozone,68.66407465007777
1987,16,Gas Service Center collocated PM 10s,81102,PM10 Total 0-10um STP,33.589285714285715
1987,21,Frayser Ozone Monitor,42101,Carbon monoxide,36.218934911242606
1987,21,Frayser Ozone Monitor,44201,Ozone,61.749613601236476
1987,24,Alabama Ave. Station,42101,Carbon monoxide,34.992537313432834
1987,24,Alabama Ave. Station,42602,Nitrogen dioxide (NO2),55.82375478927203
1987,1004,Edmund Orgill Park Ozone,44201,Ozone,72.80495356037152
1988,16,Gas Service Center collocated PM 10s,81102,PM10 Total 0-10um STP,28.796610169491526
1988,21,Frayser Ozone Monitor,42101,Carbon monoxide,16.933333333333334
1988,21,Frayser Ozone Monitor,44201,Ozone,71.33641975308642
1988,24,Alabama Ave. Station,42101,Carbon monoxide,25.64917127071823
1988,24,Alabama Ave. Station,42602,Nitrogen dioxide (NO2),53.06948640483384
1988,1004,Edmund Orgill Park Ozone,44201,Ozone,93.52112676056338
1989,16,Gas Service Center collocated PM 10s,81102,PM10 Total 0-10um STP,30.59016393442623
1989,21,Frayser Ozone Monitor,42101,Carbon monoxide,18.634218289085545
1989,21,Frayser Ozone Monitor,44201,Ozone,49.86490683229814
1989,24,Alabama Ave. Station,42101,Carbon monoxide,23.920110192837466
1989,24,Alabama Ave. Station,42602,Nitrogen dioxide (NO2),44.73593073593074
1989,1004,Edmund Orgill Park Ozone,44201,Ozone,67.3250773993808
1990,16,Gas Service Center collocated PM 10s,81102,PM10 Total 0-10um STP,28.721311475409838
1990,21,Frayser Ozone Monitor,42101,Carbon monoxide,19.70277777777778
1990,21,Frayser Ozone Monitor,44201,Ozone,56.284591194968556
1990,24,Alabama Ave. Station,42101,Carbon monoxide,26.48076923076923
1990,24,Alabama Ave. Station,42602,Nitrogen dioxide (NO2),40.32506887052342
1990,1004,Edmund Orgill Park Ozone,44201,Ozone,74.73643410852713
1991,16,Gas Service Center collocated PM 10s,81102,PM10 Total 0-10um STP,26.533333333333335
1991,21,Frayser Ozone Monitor,42101,Carbon monoxide,19.060606060606062
1991,21,Frayser Ozone Monitor,44201,Ozone,46.428125
1991,24,Alabama Ave. Station,42101,Carbon monoxide,24.0989010989011
1991,24,Alabama Ave. Station,42602,Nitrogen dioxide (NO2),37.97260273972603
1991,1004,Edmund Orgill Park Ozone,44201,Ozone,62.1437598736177
1992,16,Gas Service Center collocated PM 10s,81102,PM10 Total 0-10um STP,28.704918032786885
1992,21,Frayser Ozone Monitor,42101,Carbon monoxide,16.611570247933884
1992,21,Frayser Ozone Monitor,44201,Ozone,49.42635658914729
1992,24,Alabama Ave. Station,42101,Carbon monoxide,24.533724340175954
1992,24,Alabama Ave. Station,42602,Nitrogen dioxide (NO2),39.69054441260745
1992,1004,Edmund Orgill Park Ozone,44201,Ozone,70.49767441860465
1993,16,Gas Service Center collocated PM 10s,81102,PM10 Total 0-10um STP,28.066666666666666
1993,21,Frayser Ozone Monitor,42101,Carbon monoxide,16.435435435435437
1993,21,Frayser Ozone Monitor,44201,Ozone,49.78294573643411
1993,24,Alabama Ave. Station,42101,Carbon monoxide,22.63186813186813
1993,24,Alabama Ave. Station,42602,Nitrogen dioxide (NO2),39.55
1993,1004,Edmund Orgill Park Ozone,44201,Ozone,64.54024767801857
1994,16,Gas Service Center collocated PM 10s,81102,PM10 Total 0-10um STP,25.551724137931036
1994,21,Frayser Ozone Monitor,42101,Carbon monoxide,14.266106442577032
1994,21,Frayser Ozone Monitor,44201,Ozone,56.755038759689924
1994,24,Alabama Ave. Station,42101,Carbon monoxide,22.33050847457627
1994,24,Alabama Ave. Station,42602,Nitrogen dioxide (NO2),41.7075208913649
1994,24,Alabama Ave. Station,81102,PM10 Total 0-10um STP,26.11111111111111
1994,46,NEAR ILLINIOS CENTRAL RAIL AND MEMPHIS LIGHT AND GAS SUBSTATION,42401,Sulfur dioxide,22.80590717299578
1994,46,NEAR ILLINIOS CENTRAL RAIL AND MEMPHIS LIGHT AND GAS SUBSTATION,81102,PM10 Total 0-10um STP,23.842105263157894
1994,1004,Edmund Orgill Park Ozone,44201,Ozone,68.17364341085272
1995,16,Gas Service Center collocated PM 10s,81102,PM10 Total 0-10um STP,27.59016393442623
1995,21,Frayser Ozone Monitor,42101,Carbon monoxide,13.146814404432133
1995,21,Frayser Ozone Monitor,44201,Ozone,61.54377880184332
1995,24,Alabama Ave. Station,42101,Carbon monoxide,18.274011299435028
1995,24,Alabama Ave. Station,42602,Nitrogen dioxide (NO2),42.5989010989011
1995,24,Alabama Ave. Station,81102,PM10 Total 0-10um STP,24.501483679525222
1995,46,NEAR ILLINIOS CENTRAL RAIL AND MEMPHIS LIGHT AND GAS SUBSTATION,42401,Sulfur dioxide,19.914835164835164
1995,46,NEAR ILLINIOS CENTRAL RAIL AND MEMPHIS LIGHT AND GAS SUBSTATION,81102,PM10 Total 0-10um STP,25.333333333333332
1995,1004,Edmund Orgill Park Ozone,44201,Ozone,70.0139534883721
1996,16,Gas Service Center collocated PM 10s,81102,PM10 Total 0-10um STP,24.40983606557377
1996,21,Frayser Ozone Monitor,42101,Carbon monoxide,12.546448087431694
1996,21,Frayser Ozone Monitor,44201,Ozone,58.3250773993808
1996,24,Alabama Ave. Station,42101,Carbon monoxide,16.439890710382514
1996,24,Alabama Ave. Station,42602,Nitrogen dioxide (NO2),37.13387978142077
1996,24,Alabama Ave. Station,81102,PM10 Total 0-10um STP,23.568627450980394
1996,46,NEAR ILLINIOS CENTRAL RAIL AND MEMPHIS LIGHT AND GAS SUBSTATION,42401,Sulfur dioxide,13.753424657534246
1996,46,NEAR ILLINIOS CENTRAL RAIL AND MEMPHIS LIGHT AND GAS SUBSTATION,81102,PM10 Total 0-10um STP,22.555555555555557
1996,1004,Edmund Orgill Park Ozone,44201,Ozone,68.59689922480621
1997,16,Gas Service Center collocated PM 10s,81102,PM10 Total 0-10um STP,27.379310344827587
1997,21,Frayser Ozone Monitor,42101,Carbon monoxide,12.583561643835617
1997,21,Frayser Ozone Monitor,44201,Ozone,57.350387596899225
1997,24,Alabama Ave. Station,42101,Carbon monoxide,15.601108033240997
1997,24,Alabama Ave. Station,42602,Nitrogen dioxide (NO2),42.38297872340426
1997,24,Alabama Ave. Station,81102,PM10 Total 0-10um STP,22.387005649717516
1997,46,NEAR ILLINIOS CENTRAL RAIL AND MEMPHIS LIGHT AND GAS SUBSTATION,42401,Sulfur dioxide,15.103064066852367
1997,46,NEAR ILLINIOS CENTRAL RAIL AND MEMPHIS LIGHT AND GAS SUBSTATION,81102,PM10 Total 0-10um STP,22.52542372881356
1997,1004,Edmund Orgill Park Ozone,44201,Ozone,67.94573643410853
1998,16,Gas Service Center collocated PM 10s,81102,PM10 Total 0-10um STP,25.810344827586206
1998,21,Frayser Ozone Monitor,42101,Carbon monoxide,11.567123287671233
1998,21,Frayser Ozone Monitor,44201,Ozone,67.29082426127528
1998,24,Alabama Ave. Station,42101,Carbon monoxide,17.112328767123287
1998,24,Alabama Ave. Station,42602,Nitrogen dioxide (NO2),44.12883435582822
1998,24,Alabama Ave. Station,81102,PM10 Total 0-10um STP,21.678977272727273
1998,46,NEAR ILLINIOS CENTRAL RAIL AND MEMPHIS LIGHT AND GAS SUBSTATION,42401,Sulfur dioxide,11.712328767123287
1998,46,NEAR ILLINIOS CENTRAL RAIL AND MEMPHIS LIGHT AND GAS SUBSTATION,81102,PM10 Total 0-10um STP,21.166666666666668
1998,1004,Edmund Orgill Park Ozone,44201,Ozone,82.35714285714286
1999,16,Gas Service Center collocated PM 10s,81102,PM10 Total 0-10um STP,24.775862068965516
1999,21,Frayser Ozone Monitor,42101,Carbon monoxide,10.186111111111112
1999,21,Frayser Ozone Monitor,44201,Ozone,66.4086603518268
1999,24,Alabama Ave. Station,42101,Carbon monoxide,14.782369146005509
1999,24,Alabama Ave. Station,42602,Nitrogen dioxide (NO2),37.62222222222222
1999,24,Alabama Ave. Station,81102,PM10 Total 0-10um STP,22.771428571428572
1999,46,NEAR ILLINIOS CENTRAL RAIL AND MEMPHIS LIGHT AND GAS SUBSTATION,42401,Sulfur dioxide,14.883977900552486
1999,46,NEAR ILLINIOS CENTRAL RAIL AND MEMPHIS LIGHT AND GAS SUBSTATION,81102,PM10 Total 0-10um STP,19.473684210526315
1999,47,GUTHRIE CLINIC PM 2.5,88101,PM2.5 - Local Conditions,62.06514657980456
1999,1004,Edmund Orgill Park Ozone,44201,Ozone,76.03606102635229
2000,16,Gas Service Center collocated PM 10s,81102,PM10 Total 0-10um STP,25.228070175438596
2000,21,Frayser Ozone Monitor,42101,Carbon monoxide,11.895890410958904
2000,21,Frayser Ozone Monitor,44201,Ozone,60.30027173913044
2000,24,Alabama Ave. Station,42101,Carbon monoxide,13.6
2000,24,Alabama Ave. Station,42602,Nitrogen dioxide (NO2),37.56697819314642
2000,24,Alabama Ave. Station,81102,PM10 Total 0-10um STP,22.23076923076923
2000,46,NEAR ILLINIOS CENTRAL RAIL AND MEMPHIS LIGHT AND GAS SUBSTATION,42401,Sulfur dioxide,11.562841530054644
2000,46,NEAR ILLINIOS CENTRAL RAIL AND MEMPHIS LIGHT AND GAS SUBSTATION,81102,PM10 Total 0-10um STP,22.97222222222222
2000,47,GUTHRIE CLINIC PM 2.5,88101,PM2.5 - Local Conditions,63.25757575757576
2000,1004,Edmund Orgill Park Ozone,44201,Ozone,69.84426229508196
2000,1004,Edmund Orgill Park Ozone,88101,PM2.5 - Local Conditions,54.9375
2001,16,Gas Service Center collocated PM 10s,81102,PM10 Total 0-10um STP,23.133333333333333
2001,21,Frayser Ozone Monitor,44201,Ozone,54.68470906630582
2001,24,Alabama Ave. Station,42101,Carbon monoxide,12.070028011204482
2001,24,Alabama Ave. Station,42602,Nitrogen dioxide (NO2),37.714681440443215
2001,24,Alabama Ave. Station,81102,PM10 Total 0-10um STP,20.636363636363637
2001,46,NEAR ILLINIOS CENTRAL RAIL AND MEMPHIS LIGHT AND GAS SUBSTATION,42401,Sulfur dioxide,9.775342465753425
2001,46,NEAR ILLINIOS CENTRAL RAIL AND MEMPHIS LIGHT AND GAS SUBSTATION,81102,PM10 Total 0-10um STP,19.877551020408163
2001,47,GUTHRIE CLINIC PM 2.5,88101,PM2.5 - Local Conditions,58.64244186046512
2001,47,GUTHRIE CLINIC PM 2.5,88502,Acceptable PM2.5 AQI & Speciation Mass,54.92307692307692
2001,1004,Edmund Orgill Park Ozone,44201,Ozone,59.86856368563686
2001,1004,Edmund Orgill Park Ozone,88101,PM2.5 - Local Conditions,51.4367816091954
2002,16,Gas Service Center collocated PM 10s,81102,PM10 Total 0-10um STP,21.28813559322034
2002,21,Frayser Ozone Monitor,44201,Ozone,52.15426251691475
2002,24,Alabama Ave. Station,42101,Carbon monoxide,13.184065934065934
2002,24,Alabama Ave. Station,42602,Nitrogen dioxide (NO2),34.4969696969697
2002,24,Alabama Ave. Station,81102,PM10 Total 0-10um STP,13.71111111111111
2002,46,NEAR ILLINIOS CENTRAL RAIL AND MEMPHIS LIGHT AND GAS SUBSTATION,42401,Sulfur dioxide,12.32876712328767
2002,46,NEAR ILLINIOS CENTRAL RAIL AND MEMPHIS LIGHT AND GAS SUBSTATION,81102,PM10 Total 0-10um STP,19.69811320754717
2002,47,GUTHRIE CLINIC PM 2.5,88101,PM2.5 - Local Conditions,57.91150442477876
2002,47,GUTHRIE CLINIC PM 2.5,88502,Acceptable PM2.5 AQI & Speciation Mass,58.601851851851855
2002,1004,Edmund Orgill Park Ozone,44201,Ozone,57.38482384823848
2002,1004,Edmund Orgill Park Ozone,88101,PM2.5 - Local Conditions,51.20168067226891
2003,16,Gas Service Center collocated PM 10s,81102,PM10 Total 0-10um STP,25.344827586206897
2003,21,Frayser Ozone Monitor,44201,Ozone,50.331938633193865
2003,24,Alabama Ave. Station,42101,Carbon monoxide,10.603351955307263
2003,24,Alabama Ave. Station,42602,Nitrogen dioxide (NO2),32.12078651685393
2003,24,Alabama Ave. Station,88502,Acceptable PM2.5 AQI & Speciation Mass,59.92022792022792
2003,46,NEAR ILLINIOS CENTRAL RAIL AND MEMPHIS LIGHT AND GAS SUBSTATION,42401,Sulfur dioxide,13.07945205479452
2003,46,NEAR ILLINIOS CENTRAL RAIL AND MEMPHIS LIGHT AND GAS SUBSTATION,81102,PM10 Total 0-10um STP,20.82456140350877
2003,47,GUTHRIE CLINIC PM 2.5,88101,PM2.5 - Local Conditions,57.51841359773371
2003,47,GUTHRIE CLINIC PM 2.5,88502,Acceptable PM2.5 AQI & Speciation Mass,60.36440677966102
2003,1004,Edmund Orgill Park Ozone,44201,Ozone,57.76827586206897
2003,1004,Edmund Orgill Park Ozone,88101,PM2.5 - Local Conditions,51.55357142857143
2004,16,Gas Service Center collocated PM 10s,81102,PM10 Total 0-10um STP,23.875
2004,21,Frayser Ozone Monitor,44201,Ozone,43.456639566395665
2004,24,Alabama Ave. Station,42101,Carbon monoxide,8.732026143790849
2004,24,Alabama Ave. Station,42602,Nitrogen dioxide (NO2),33.61538461538461
2004,24,Alabama Ave. Station,88502,Acceptable PM2.5 AQI & Speciation Mass,55.29054054054054
2004,46,NEAR ILLINIOS CENTRAL RAIL AND MEMPHIS LIGHT AND GAS SUBSTATION,42401,Sulfur dioxide,16.096685082872927
2004,46,NEAR ILLINIOS CENTRAL RAIL AND MEMPHIS LIGHT AND GAS SUBSTATION,81102,PM10 Total 0-10um STP,20.637931034482758
2004,47,GUTHRIE CLINIC PM 2.5,88101,PM2.5 - Local Conditions,55.36764705882353
2004,47,GUTHRIE CLINIC PM 2.5,88502,Acceptable PM2.5 AQI & Speciation Mass,58.04237288135593
2004,1004,Edmund Orgill Park Ozone,44201,Ozone,47.85094850948509
2004,1004,Edmund Orgill Park Ozone,88101,PM2.5 - Local Conditions,50.97345132743363
2005,16,Gas Service Center collocated PM 10s,81102,PM10 Total 0-10um STP,27.610169491525422
2005,21,Frayser Ozone Monitor,44201,Ozone,54.96747967479675
2005,46,NEAR ILLINIOS CENTRAL RAIL AND MEMPHIS LIGHT AND GAS SUBSTATION,42401,Sulfur dioxide,17.353424657534248
2005,46,NEAR ILLINIOS CENTRAL RAIL AND MEMPHIS LIGHT AND GAS SUBSTATION,81102,PM10 Total 0-10um STP,23.083333333333332
2005,47,GUTHRIE CLINIC PM 2.5,88101,PM2.5 - Local Conditions,59.667655786350146
2005,47,GUTHRIE CLINIC PM 2.5,88502,Acceptable PM2.5 AQI & Speciation Mass,61.743589743589745
2005,1004,Edmund Orgill Park Ozone,44201,Ozone,60.42176870748299
2005,1004,Edmund Orgill Park Ozone,88101,PM2.5 - Local Conditions,54.706896551724135
2006,16,Gas Service Center collocated PM 10s,81102,PM10 Total 0-10um STP,21.730434782608697
2006,21,Frayser Ozone Monitor,44201,Ozone,52.46351351351351
2006,24,Alabama Ave. Station,42101,Carbon monoxide,7.149090909090909
2006,24,Alabama Ave. Station,42602,Nitrogen dioxide (NO2),25.383084577114428
2006,24,Alabama Ave. Station,44201,Ozone,31.15625
2006,24,Alabama Ave. Station,88101,PM2.5 - Local Conditions,61.10526315789474
2006,24,Alabama Ave. Station,88502,Acceptable PM2.5 AQI & Speciation Mass,58.43055555555556
2006,46,NEAR ILLINIOS CENTRAL RAIL AND MEMPHIS LIGHT AND GAS SUBSTATION,42401,Sulfur dioxide,9.698060941828254
2006,46,NEAR ILLINIOS CENTRAL RAIL AND MEMPHIS LIGHT AND GAS SUBSTATION,81102,PM10 Total 0-10um STP,22.803571428571427
2006,47,GUTHRIE CLINIC PM 2.5,88101,PM2.5 - Local Conditions,56.58064516129032
2006,47,GUTHRIE CLINIC PM 2.5,88502,Acceptable PM2.5 AQI & Speciation Mass,53.02777777777778
2006,1004,Edmund Orgill Park Ozone,44201,Ozone,57.53116531165312
2006,1004,Edmund Orgill Park Ozone,88101,PM2.5 - Local Conditions,51.05882352941177
2007,16,Gas Service Center collocated PM 10s,81102,PM10 Total 0-10um STP,23.63963963963964
2007,21,Frayser Ozone Monitor,44201,Ozone,54.93342391304348
2007,24,Alabama Ave. Station,42101,Carbon monoxide,7.64931506849315
2007,24,Alabama Ave. Station,88502,Acceptable PM2.5 AQI & Speciation Mass,59.6255230125523
2007,46,NEAR ILLINIOS CENTRAL RAIL AND MEMPHIS LIGHT AND GAS SUBSTATION,42401,Sulfur dioxide,5.449315068493151
2007,46,NEAR ILLINIOS CENTRAL RAIL AND MEMPHIS LIGHT AND GAS SUBSTATION,81102,PM10 Total 0-10um STP,20.72222222222222
2007,47,GUTHRIE CLINIC PM 2.5,88101,PM2.5 - Local Conditions,55.858823529411765
2007,1004,Edmund Orgill Park Ozone,44201,Ozone,59.41056910569106
2007,1004,Edmund Orgill Park Ozone,88101,PM2.5 - Local Conditions,52.403225806451616
2008,16,Gas Service Center collocated PM 10s,81102,PM10 Total 0-10um STP,19.892857142857142
2008,21,Frayser Ozone Monitor,44201,Ozone,48.826502732240435
2008,24,Alabama Ave. Station,42101,Carbon monoxide,5.046575342465753
2008,24,Alabama Ave. Station,88502,Acceptable PM2.5 AQI & Speciation Mass,56.12058212058212
2008,46,NEAR ILLINIOS CENTRAL RAIL AND MEMPHIS LIGHT AND GAS SUBSTATION,42401,Sulfur dioxide,6.114754098360656
2008,46,NEAR ILLINIOS CENTRAL RAIL AND MEMPHIS LIGHT AND GAS SUBSTATION,81102,PM10 Total 0-10um STP,17.92452830188679
2008,1004,Edmund Orgill Park Ozone,44201,Ozone,50.18021680216802
2009,16,Gas Service Center collocated PM 10s,81102,PM10 Total 0-10um STP,16.56756756756757
2009,21,Frayser Ozone Monitor,44201,Ozone,38.476964769647694
2009,24,Alabama Ave. Station,42101,Carbon monoxide,5.032876712328767
2009,24,Alabama Ave. Station,88502,Acceptable PM2.5 AQI & Speciation Mass,51.552016985138
2009,46,NEAR ILLINIOS CENTRAL RAIL AND MEMPHIS LIGHT AND GAS SUBSTATION,42401,Sulfur dioxide,4.971751412429379
2009,46,NEAR ILLINIOS CENTRAL RAIL AND MEMPHIS LIGHT AND GAS SUBSTATION,81102,PM10 Total 0-10um STP,16.135593220338983
2009,1004,Edmund Orgill Park Ozone,44201,Ozone,40.89972899728997
2010,16,Gas Service Center collocated PM 10s,81102,PM10 Total 0-10um STP,19.63478260869565
2010,21,Frayser Ozone Monitor,44201,Ozone,51.02710027100271
2010,24,Alabama Ave. Station,42101,Carbon monoxide,6.67945205479452
2010,24,Alabama Ave. Station,88502,Acceptable PM2.5 AQI & Speciation Mass,55.39224137931034
2010,46,NEAR ILLINIOS CENTRAL RAIL AND MEMPHIS LIGHT AND GAS SUBSTATION,42401,Sulfur dioxide,5.156164383561644
2010,46,NEAR ILLINIOS CENTRAL RAIL AND MEMPHIS LIGHT AND GAS SUBSTATION,81102,PM10 Total 0-10um STP,18.79310344827586
2010,1004,Edmund Orgill Park Ozone,44201,Ozone,51.5840108401084
2011,16,Gas Service Center collocated PM 10s,81102,PM10 Total 0-10um STP,18.570247933884296
2011,21,Frayser Ozone Monitor,44201,Ozone,50.17750677506775
2011,24,Alabama Ave. Station,42101,Carbon monoxide,6.3342465753424655
2011,24,Alabama Ave. Station,88502,Acceptable PM2.5 AQI & Speciation Mass,52.9140625
2011,46,NEAR ILLINIOS CENTRAL RAIL AND MEMPHIS LIGHT AND GAS SUBSTATION,42401,Sulfur dioxide,6.282191780821917
2011,46,NEAR ILLINIOS CENTRAL RAIL AND MEMPHIS LIGHT AND GAS SUBSTATION,81102,PM10 Total 0-10um STP,16.724137931034484
2011,75,Memphis NCORE site,42101,Carbon monoxide,3.217712177121771
2011,75,Memphis NCORE site,42401,Sulfur dioxide,1.377659574468085
2011,75,Memphis NCORE site,44201,Ozone,47.41863075196409
2011,75,Memphis NCORE site,88502,Acceptable PM2.5 AQI & Speciation Mass,49.98853868194843
2011,1004,Edmund Orgill Park Ozone,44201,Ozone,50.20987654320987
2012,16,Gas Service Center collocated PM 10s,81102,PM10 Total 0-10um STP,19.050420168067227
2012,21,Frayser Ozone Monitor,44201,Ozone,53.63870094722598
2012,24,Alabama Ave. Station,42101,Carbon monoxide,5.924581005586592
2012,24,Alabama Ave. Station,88502,Acceptable PM2.5 AQI & Speciation Mass,50.79245283018868
2012,46,NEAR ILLINIOS CENTRAL RAIL AND MEMPHIS LIGHT AND GAS SUBSTATION,42401,Sulfur dioxide,4.7650273224043715
2012,46,NEAR ILLINIOS CENTRAL RAIL AND MEMPHIS LIGHT AND GAS SUBSTATION,81102,PM10 Total 0-10um STP,17.084745762711865
2012,75,Memphis NCORE site,42101,Carbon monoxide,3.4930747922437675
2012,75,Memphis NCORE site,42401,Sulfur dioxide,1.4613259668508287
2012,75,Memphis NCORE site,44201,Ozone,45.64116575591986
2012,75,Memphis NCORE site,88502,Acceptable PM2.5 AQI & Speciation Mass,50.64730290456431
2012,1004,Edmund Orgill Park Ozone,44201,Ozone,57.31643625192012
2013,16,Gas Service Center collocated PM 10s,81102,PM10 Total 0-10um STP,17.304
2013,21,Frayser Ozone Monitor,44201,Ozone,40.51089918256131
2013,24,Alabama Ave. Station,42101,Carbon monoxide,6.002777777777778
2013,24,Alabama Ave. Station,81102,PM10 Total 0-10um STP,17.71186440677966
2013,24,Alabama Ave. Station,88502,Acceptable PM2.5 AQI & Speciation Mass,54.0
2013,47,GUTHRIE CLINIC PM 2.5,88101,PM2.5 - Local Conditions,45.885245901639344
2013,75,Memphis NCORE site,42101,Carbon monoxide,3.0054794520547947
2013,75,Memphis NCORE site,42401,Sulfur dioxide,1.9424920127795526
2013,75,Memphis NCORE site,44201,Ozone,37.5351598173516
2013,75,Memphis NCORE site,88101,PM2.5 - Local Conditions,43.28688524590164
2013,75,Memphis NCORE site,88502,Acceptable PM2.5 AQI & Speciation Mass,48.0974025974026
2013,1004,Edmund Orgill Park Ozone,44201,Ozone,41.38315217391305
2014,16,Gas Service Center collocated PM 10s,81102,PM10 Total 0-10um STP,18.2
2014,21,Frayser Ozone Monitor,44201,Ozone,39.982384823848236
2014,24,Alabama Ave. Station,42101,Carbon monoxide,4.059006211180124
2014,24,Alabama Ave. Station,81102,PM10 Total 0-10um STP,19.24561403508772
2014,47,GUTHRIE CLINIC PM 2.5,88101,PM2.5 - Local Conditions,45.08706467661692
2014,75,Memphis NCORE site,42101,Carbon monoxide,3.1079545454545454
2014,75,Memphis NCORE site,42401,Sulfur dioxide,2.824773413897281
2014,75,Memphis NCORE site,44201,Ozone,36.56776556776557
2014,75,Memphis NCORE site,88101,PM2.5 - Local Conditions,43.03389830508475
2014,75,Memphis NCORE site,88502,Acceptable PM2.5 AQI & Speciation Mass,47.902004454342986
2014,100,Near Road Site at Southwest Tennessee Community College,42101,Carbon monoxide,4.230769230769231
2014,100,Near Road Site at Southwest Tennessee Community College,42602,Nitrogen dioxide (NO2),21.097826086956523
2014,1004,Edmund Orgill Park Ozone,44201,Ozone,40.39159891598916
2015,16,Gas Service Center collocated PM 10s,81102,PM10 Total 0-10um STP,19.127118644067796
2015,21,Frayser Ozone Monitor,44201,Ozone,39.292682926829265
2015,24,Alabama Ave. Station,42101,Carbon monoxide,4.4502762430939224
2015,24,Alabama Ave. Station,81102,PM10 Total 0-10um STP,17.894736842105264
2015,47,GUTHRIE CLINIC PM 2.5,88101,PM2.5 - Local Conditions,43.12165450121655
2015,75,Memphis NCORE site,42101,Carbon monoxide,3.0168067226890756
2015,75,Memphis NCORE site,42401,Sulfur dioxide,1.9516129032258065
2015,75,Memphis NCORE site,44201,Ozone,37.33517495395949
2015,75,Memphis NCORE site,88101,PM2.5 - Local Conditions,40.603305785123965
2015,75,Memphis NCORE site,88502,Acceptable PM2.5 AQI & Speciation Mass,45.523676880222844
2015,100,Near Road Site at Southwest Tennessee Community College,42101,Carbon monoxide,4.206611570247934
2015,100,Near Road Site at Southwest Tennessee Community College,42602,Nitrogen dioxide (NO2),20.304109589041097
2015,1004,Edmund Orgill Park Ozone,44201,Ozone,40.349659863945575
2016,16,Gas Service Center collocated PM 10s,81102,PM10 Total 0-10um STP,16.44859813084112
2016,21,Frayser Ozone Monitor,44201,Ozone,42.352380952380955
2016,24,Alabama Ave. Station,42101,Carbon monoxide,3.978021978021978
2016,24,Alabama Ave. Station,81102,PM10 Total 0-10um STP,18.17669172932331
2016,47,GUTHRIE CLINIC PM 2.5,88101,PM2.5 - Local Conditions,40.203252032520325
2016,75,Memphis NCORE site,42101,Carbon monoxide,2.8698060941828256
2016,75,Memphis NCORE site,42401,Sulfur dioxide,1.3839285714285714
2016,75,Memphis NCORE site,44201,Ozone,39.42339832869081
2016,75,Memphis NCORE site,88101,PM2.5 - Local Conditions,38.814207650273225
2016,75,Memphis NCORE site,88502,Acceptable PM2.5 AQI & Speciation Mass,43.12721893491124
2016,100,Near Road Site at Southwest Tennessee Community College,42101,Carbon monoxide,4.091412742382271
2016,100,Near Road Site at Southwest Tennessee Community College,42602,Nitrogen dioxide (NO2),19.081967213114755
2016,1004,Edmund Orgill Park Ozone,44201,Ozone,43.388888888888886
2017,21,Frayser Ozone Monitor,44201,Ozone,40.08474576271186
2017,24,Alabama Ave. Station,81102,PM10 Total 0-10um STP,16.28343949044586
2017,24,Alabama Ave. Station,88101,PM2.5 - Local Conditions,43.90756302521008
2017,75,Memphis NCORE site,42101,Carbon monoxide,2.6054794520547944
2017,75,Memphis NCORE site,42401,Sulfur dioxide,0.6528925619834711
2017,75,Memphis NCORE site,44201,Ozone,39.29734675205855
2017,75,Memphis NCORE site,88101,PM2.5 - Local Conditions,40.53888888888889
2017,75,Memphis NCORE site,88502,Acceptable PM2.5 AQI & Speciation Mass,41.0056338028169
2017,100,Near Road Site at Southwest Tennessee Community College,42101,Carbon monoxide,4.528925619834711
2017,100,Near Road Site at Southwest Tennessee Community College,42602,Nitrogen dioxide (NO2),18.610958904109587
2017,100,Near Road Site at Southwest Tennessee Community College,88101,PM2.5 - Local Conditions,42.22314049586777
2017,1004,Edmund Orgill Park Ozone,44201,Ozone,40.92946058091286
2018,21,Frayser Ozone Monitor,44201,Ozone,40.40833333333333
2018,24,Alabama Ave. Station,81102,PM10 Total 0-10um STP,17.23676012461059
2018,24,Alabama Ave. Station,88101,PM2.5 - Local Conditions,44.50819672131148
2018,75,Memphis NCORE site,42101,Carbon monoxide,2.6434540389972145
2018,75,Memphis NCORE site,42401,Sulfur dioxide,0.4136986301369863
2018,75,Memphis NCORE site,44201,Ozone,38.72314814814815
2018,75,Memphis NCORE site,81102,PM10 Total 0-10um STP,13.375
2018,75,Memphis NCORE site,88101,PM2.5 - Local Conditions,41.01117318435754
2018,75,Memphis NCORE site,88502,Acceptable PM2.5 AQI & Speciation Mass,41.42655367231639
2018,100,Near Road Site at Southwest Tennessee Community College,42101,Carbon monoxide,4.394444444444445
2018,100,Near Road Site at Southwest Tennessee Community College,42602,Nitrogen dioxide (NO2),18.96961325966851
2018,100,Near Road Site at Southwest Tennessee Community College,88101,PM2.5 - Local Conditions,42.708333333333336
2018,1004,Edmund Orgill Park Ozone,44201,Ozone,42.736054421768706
2019,21,Frayser Ozone Monitor,44201,Ozone,42.72931276297335
2019,24,Alabama Ave. Station,81102,PM10 Total 0-10um STP,16.592797783933516
2019,24,Alabama Ave. Station,88101,PM2.5 - Local Conditions,43.231404958677686
2019,75,Memphis NCORE site,42101,Carbon monoxide,2.8653846153846154
2019,75,Memphis NCORE site,42401,Sulfur dioxide,0.2535612535612536
2019,75,Memphis NCORE site,44201,Ozone,38.47329650092081
2019,75,Memphis NCORE site,81102,PM10 Total 0-10um STP,13.621621621621621
2019,75,Memphis NCORE site,88101,PM2.5 - Local Conditions,39.935
2019,75,Memphis NCORE site,88502,Acceptable PM2.5 AQI & Speciation Mass,42.08510638297872
2019,100,Near Road Site at Southwest Tennessee Community College,42101,Carbon monoxide,4.331491712707182
2019,100,Near Road Site at Southwest Tennessee Community College,42602,Nitrogen dioxide (NO2),19.431318681318682
2019,100,Near Road Site at Southwest Tennessee Community College,88101,PM2.5 - Local Conditions,43.335697399527184
2019,1004,Edmund Orgill Park Ozone,44201,Ozone,41.25514403292181
2020,21,Frayser Ozone Monitor,44201,Ozone,33.196698762035766
2020,24,Alabama Ave. Station,81102,PM10 Total 0-10um STP,15.74766355140187
2020,24,Alabama Ave. Station,88101,PM2.5 - Local Conditions,40.21487603305785
2020,75,Memphis NCORE site,42101,Carbon monoxide,2.7704918032786887
2020,75,Memphis NCORE site,42401,Sulfur dioxide,0.25
2020,75,Memphis NCORE site,44201,Ozone,34.59269406392694
2020,75,Memphis NCORE site,81102,PM10 Total 0-10um STP,11.956204379562044
2020,75,Memphis NCORE site,88101,PM2.5 - Local Conditions,37.74449339207048
2020,75,Memphis NCORE site,88502,Acceptable PM2.5 AQI & Speciation Mass,40.50712250712251
2020,100,Near Road Site at Southwest Tennessee Community College,42101,Carbon monoxide,4.208219178082191
2020,100,Near Road Site at Southwest Tennessee Community College,42602,Nitrogen dioxide (NO2),17.28688524590164
2020,100,Near Road Site at Southwest Tennessee Community College,88101,PM2.5 - Local Conditions,45.6806411837238
2020,1004,Edmund Orgill Park Ozone,44201,Ozone,36.886178861788615
2021,21,Frayser Ozone Monitor,44201,Ozone,37.929539295392956
2021,24,Alabama Ave. Station,81102,PM10 Total 0-10um STP,17.54901960784314
2021,24,Alabama Ave. Station,88101,PM2.5 - Local Conditions,42.394557823129254
2021,75,Memphis NCORE site,42101,Carbon monoxide,2.8
2021,75,Memphis NCORE site,42401,Sulfur dioxide,0.28133704735376047
2021,75,Memphis NCORE site,42602,Nitrogen dioxide (NO2),9.054347826086957
2021,75,Memphis NCORE site,44201,Ozone,38.45817843866171
2021,75,Memphis NCORE site,81102,PM10 Total 0-10um STP,15.753462603878116
2021,75,Memphis NCORE site,88101,PM2.5 - Local Conditions,42.402612826603324
2021,100,Near Road Site at Southwest Tennessee Community College,42101,Carbon monoxide,4.506963788300836
2021,100,Near Road Site at Southwest Tennessee Community College,42602,Nitrogen dioxide (NO2),16.41322314049587
2021,100,Near Road Site at Southwest Tennessee Community College,88101,PM2.5 - Local Conditions,40.47899159663866
2021,1004,Edmund Orgill Park Ozone,44201,Ozone,38.71680216802168
